label,ranks,dims_x,dims_y,mode,kernel,global_w,global_h,steps,trial,t_total,t_halo,t_kernel,t_io,synthetic
strong_1,1,1,1,gpu,overlap,32768,32768,1000,1,4.182376,0.027646,4.061699,0.000000,1
strong_1,1,1,1,gpu,overlap,32768,32768,1000,2,4.214488,0.029144,4.265908,0.000000,1
strong_1,1,1,1,gpu,overlap,32768,32768,1000,3,4.110404,0.027657,4.043039,0.000000,1
strong_2,2,1,2,gpu,overlap,32768,32768,1000,1,1.989833,0.025914,2.092867,0.000000,1
strong_2,2,1,2,gpu,overlap,32768,32768,1000,2,2.021916,0.026743,2.119264,0.000000,1
strong_2,2,1,2,gpu,overlap,32768,32768,1000,3,2.118769,0.026975,2.041640,0.000000,1
strong_4,4,2,2,gpu,overlap,32768,32768,1000,1,1.071960,0.024051,1.000346,0.000000,1
strong_4,4,2,2,gpu,overlap,32768,32768,1000,2,1.062883,0.024571,1.059441,0.000000,1
strong_4,4,2,2,gpu,overlap,32768,32768,1000,3,1.037132,0.025291,1.023987,0.000000,1
strong_6,6,2,3,gpu,overlap,32768,32768,1000,1,0.707582,0.023865,0.709261,0.000000,1
strong_6,6,2,3,gpu,overlap,32768,32768,1000,2,0.700697,0.022782,0.674309,0.000000,1
strong_6,6,2,3,gpu,overlap,32768,32768,1000,3,0.666239,0.023135,0.667312,0.000000,1
strong_12,12,3,4,gpu,overlap,32768,32768,1000,1,0.348500,0.027347,0.341078,0.000000,1
strong_12,12,3,4,gpu,overlap,32768,32768,1000,2,0.338330,0.028611,0.348739,0.000000,1
strong_12,12,3,4,gpu,overlap,32768,32768,1000,3,0.335687,0.028152,0.335376,0.000000,1
strong_24,24,4,6,gpu,overlap,32768,32768,1000,1,0.179181,0.025746,0.173114,0.000000,1
strong_24,24,4,6,gpu,overlap,32768,32768,1000,2,0.177158,0.026023,0.168593,0.000000,1
strong_24,24,4,6,gpu,overlap,32768,32768,1000,3,0.169883,0.024988,0.168344,0.000000,1
strong_48,48,6,8,gpu,overlap,32768,32768,1000,1,0.088862,0.023470,0.087236,0.000000,1
strong_48,48,6,8,gpu,overlap,32768,32768,1000,2,0.089125,0.023744,0.084544,0.000000,1
strong_48,48,6,8,gpu,overlap,32768,32768,1000,3,0.086688,0.023371,0.086747,0.000000,1
weak_1,1,1,1,gpu,overlap,8192,8192,1000,1,0.256527,0.021686,0.268798,0.000000,1
weak_1,1,1,1,gpu,overlap,8192,8192,1000,2,0.250145,0.021381,0.250436,0.000000,1
weak_1,1,1,1,gpu,overlap,8192,8192,1000,3,0.264651,0.022046,0.249482,0.000000,1
weak_4,4,2,2,gpu,overlap,16384,16384,1000,1,0.268873,0.022236,0.268251,0.000000,1
weak_4,4,2,2,gpu,overlap,16384,16384,1000,2,0.248502,0.022576,0.262267,0.000000,1
weak_4,4,2,2,gpu,overlap,16384,16384,1000,3,0.253785,0.022435,0.250475,0.000000,1
weak_16,16,4,4,gpu,overlap,32768,32768,1000,1,0.257651,0.027518,0.266282,0.000000,1
weak_16,16,4,4,gpu,overlap,32768,32768,1000,2,0.258621,0.025871,0.267042,0.000000,1
weak_16,16,4,4,gpu,overlap,32768,32768,1000,3,0.254439,0.026849,0.260762,0.000000,1
cpu_1,1,1,1,cpu,naive,8192,8192,500,1,9.354717,0.011127,9.355190,0.000000,1
cpu_1,1,1,1,cpu,naive,8192,8192,500,2,8.796228,0.010936,8.799419,0.000000,1
cpu_1,1,1,1,cpu,naive,8192,8192,500,3,9.439898,0.011387,9.010290,0.000000,1
gpu_1,1,1,1,gpu,overlap,8192,8192,500,1,0.157235,0.011489,0.147464,0.000000,1
gpu_1,1,1,1,gpu,overlap,8192,8192,500,2,0.147360,0.011324,0.155764,0.000000,1
gpu_1,1,1,1,gpu,overlap,8192,8192,500,3,0.152318,0.011136,0.149653,0.000000,1
cpu_4,4,2,2,cpu,naive,8192,8192,500,1,2.284216,0.010303,2.294994,0.000000,1
cpu_4,4,2,2,cpu,naive,8192,8192,500,2,2.243400,0.010387,2.378426,0.000000,1
cpu_4,4,2,2,cpu,naive,8192,8192,500,3,2.286967,0.010561,2.218437,0.000000,1
gpu_4,4,2,2,gpu,overlap,8192,8192,500,1,0.037735,0.010621,0.037307,0.000000,1
gpu_4,4,2,2,gpu,overlap,8192,8192,500,2,0.036918,0.010657,0.037303,0.000000,1
gpu_4,4,2,2,gpu,overlap,8192,8192,500,3,0.039330,0.010184,0.037331,0.000000,1
cpu_16,16,4,4,cpu,naive,8192,8192,500,1,0.569447,0.010501,0.591878,0.000000,1
cpu_16,16,4,4,cpu,naive,8192,8192,500,2,0.581496,0.011066,0.586020,0.000000,1
cpu_16,16,4,4,cpu,naive,8192,8192,500,3,0.563978,0.010760,0.568454,0.000000,1
gpu_16,16,4,4,gpu,overlap,8192,8192,500,1,0.011119,0.010969,0.009902,0.000000,1
gpu_16,16,4,4,gpu,overlap,8192,8192,500,2,0.010834,0.010680,0.009808,0.000000,1
gpu_16,16,4,4,gpu,overlap,8192,8192,500,3,0.010649,0.010775,0.009473,0.000000,1
breakdown_naive,16,4,4,gpu,naive,32768,32768,1000,1,0.324957,0.027453,0.303652,0.000000,1
breakdown_naive,16,4,4,gpu,naive,32768,32768,1000,2,0.332929,0.025599,0.317224,0.000000,1
breakdown_naive,16,4,4,gpu,naive,32768,32768,1000,3,0.344035,0.027459,0.313550,0.000000,1
breakdown_shared,16,4,4,gpu,shared,32768,32768,1000,1,0.284735,0.025946,0.256462,0.000000,1
breakdown_shared,16,4,4,gpu,shared,32768,32768,1000,2,0.282302,0.027585,0.253653,0.000000,1
breakdown_shared,16,4,4,gpu,shared,32768,32768,1000,3,0.284036,0.026390,0.267966,0.000000,1
breakdown_overlap,16,4,4,gpu,overlap,32768,32768,1000,1,0.259762,0.027018,0.251370,0.000000,1
breakdown_overlap,16,4,4,gpu,overlap,32768,32768,1000,2,0.268306,0.026722,0.259381,0.000000,1
breakdown_overlap,16,4,4,gpu,overlap,32768,32768,1000,3,0.249447,0.026732,0.258568,0.000000,1
ksweep_naive_256,1,1,1,gpu,naive,256,256,500,1,0.000145,0.000000,0.000144,0.000000,1
ksweep_naive_256,1,1,1,gpu,naive,256,256,500,2,0.000150,0.000000,0.000146,0.000000,1
ksweep_naive_256,1,1,1,gpu,naive,256,256,500,3,0.000154,0.000000,0.000150,0.000000,1
ksweep_shared_256,1,1,1,gpu,shared,256,256,500,1,0.000125,0.000000,0.000126,0.000000,1
ksweep_shared_256,1,1,1,gpu,shared,256,256,500,2,0.000123,0.000000,0.000124,0.000000,1
ksweep_shared_256,1,1,1,gpu,shared,256,256,500,3,0.000128,0.000000,0.000124,0.000000,1
ksweep_naive_1024,1,1,1,gpu,naive,1024,1024,500,1,0.002302,0.000000,0.002478,0.000000,1
ksweep_naive_1024,1,1,1,gpu,naive,1024,1024,500,2,0.002302,0.000000,0.002338,0.000000,1
ksweep_naive_1024,1,1,1,gpu,naive,1024,1024,500,3,0.002456,0.000000,0.002358,0.000000,1
ksweep_shared_1024,1,1,1,gpu,shared,1024,1024,500,1,0.002074,0.000000,0.002038,0.000000,1
ksweep_shared_1024,1,1,1,gpu,shared,1024,1024,500,2,0.002044,0.000000,0.002071,0.000000,1
ksweep_shared_1024,1,1,1,gpu,shared,1024,1024,500,3,0.002046,0.000000,0.001961,0.000000,1
ksweep_naive_4096,1,1,1,gpu,naive,4096,4096,500,1,0.036931,0.000000,0.037436,0.000000,1
ksweep_naive_4096,1,1,1,gpu,naive,4096,4096,500,2,0.038794,0.000000,0.038540,0.000000,1
ksweep_naive_4096,1,1,1,gpu,naive,4096,4096,500,3,0.038095,0.000000,0.039186,0.000000,1
ksweep_shared_4096,1,1,1,gpu,shared,4096,4096,500,1,0.032116,0.000000,0.031030,0.000000,1
ksweep_shared_4096,1,1,1,gpu,shared,4096,4096,500,2,0.032668,0.000000,0.032937,0.000000,1
ksweep_shared_4096,1,1,1,gpu,shared,4096,4096,500,3,0.032127,0.000000,0.031216,0.000000,1
ksweep_naive_16384,1,1,1,gpu,naive,16384,16384,500,1,0.629795,0.000000,0.626411,0.000000,1
ksweep_naive_16384,1,1,1,gpu,naive,16384,16384,500,2,0.592905,0.000000,0.600722,0.000000,1
ksweep_naive_16384,1,1,1,gpu,naive,16384,16384,500,3,0.624533,0.000000,0.629551,0.000000,1
ksweep_shared_16384,1,1,1,gpu,shared,16384,16384,500,1,0.506658,0.000000,0.528603,0.000000,1
ksweep_shared_16384,1,1,1,gpu,shared,16384,16384,500,2,0.513145,0.000000,0.502729,0.000000,1
ksweep_shared_16384,1,1,1,gpu,shared,16384,16384,500,3,0.532098,0.000000,0.529871,0.000000,1
io_0,6,2,3,gpu,overlap,8192,8192,500,1,0.020815,0.010653,0.021248,0.000000,1
io_0,6,2,3,gpu,overlap,8192,8192,500,2,0.022160,0.010760,0.022073,0.000000,1
io_0,6,2,3,gpu,overlap,8192,8192,500,3,0.022135,0.010127,0.022178,0.000000,1
io_100,6,2,3,gpu,overlap,8192,8192,500,1,0.138399,0.010720,0.021469,0.118036,1
io_100,6,2,3,gpu,overlap,8192,8192,500,2,0.144887,0.010227,0.020716,0.116961,1
io_100,6,2,3,gpu,overlap,8192,8192,500,3,0.139598,0.010760,0.022342,0.117786,1
io_25,6,2,3,gpu,overlap,8192,8192,500,1,0.506931,0.010371,0.022366,0.481010,1
io_25,6,2,3,gpu,overlap,8192,8192,500,2,0.518871,0.010133,0.022348,0.467287,1
io_25,6,2,3,gpu,overlap,8192,8192,500,3,0.519805,0.010259,0.020862,0.477109,1
