label,ranks,dims_x,dims_y,mode,kernel,global_w,global_h,steps,trial,t_total,t_halo,t_kernel,t_io
strong_4,4,2,2,gpu,overlap,24576,24576,1000,1,1.576894,1.547010,0.029842,0.000000
strong_2,2,2,1,gpu,overlap,24576,24576,1000,1,2.823751,2.778482,0.045228,0.000000
strong_4,4,2,2,gpu,overlap,24576,24576,1000,2,1.528165,1.498212,0.029905,0.000000
strong_1,1,1,1,gpu,overlap,24576,24576,1000,1,5.246170,5.204142,0.041985,0.000000
strong_4,4,2,2,gpu,overlap,24576,24576,1000,3,1.503377,1.473329,0.030006,0.000000
strong_2,2,2,1,gpu,overlap,24576,24576,1000,2,2.788365,2.743567,0.044755,0.000000
strong_2,2,2,1,gpu,overlap,24576,24576,1000,3,2.760826,2.715696,0.045088,0.000000
strong_1,1,1,1,gpu,overlap,24576,24576,1000,2,5.241083,5.198543,0.042496,0.000000
strong_1,1,1,1,gpu,overlap,24576,24576,1000,3,5.228445,5.185741,0.042662,0.000000
strong_6,6,3,2,gpu,overlap,24576,24576,1000,1,1.103342,1.073985,0.029308,0.000000
weak_1,1,1,1,gpu,overlap,8192,8192,1000,1,0.651176,0.625758,0.025376,0.000000
weak_4,4,2,2,gpu,overlap,16384,16384,1000,1,0.808321,0.782201,0.026076,0.000000
gpu_4,4,2,2,gpu,overlap,8192,8192,500,1,0.245687,0.232668,0.012996,0.000000
gpu_1,1,1,1,gpu,overlap,8192,8192,500,1,0.328454,0.315882,0.012552,0.000000
weak_1,1,1,1,gpu,overlap,8192,8192,1000,2,0.629733,0.604527,0.025164,0.000000
gpu_1,1,1,1,gpu,overlap,8192,8192,500,2,0.310540,0.298276,0.012243,0.000000
gpu_4,4,2,2,gpu,overlap,8192,8192,500,2,0.257599,0.244450,0.013126,0.000000
weak_4,4,2,2,gpu,overlap,16384,16384,1000,2,0.809996,0.784094,0.025858,0.000000
strong_6,6,3,2,gpu,overlap,24576,24576,1000,2,1.084700,1.056276,0.028380,0.000000
weak_1,1,1,1,gpu,overlap,8192,8192,1000,3,0.629037,0.603794,0.025202,0.000000
gpu_4,4,2,2,gpu,overlap,8192,8192,500,3,0.209873,0.196339,0.013511,0.000000
gpu_1,1,1,1,gpu,overlap,8192,8192,500,3,0.310195,0.297857,0.012318,0.000000
strong_24,24,6,4,gpu,overlap,24576,24576,1000,1,0.617837,0.590287,0.027504,0.000000
weak_4,4,2,2,gpu,overlap,16384,16384,1000,3,0.791139,0.765006,0.026088,0.000000
strong_6,6,3,2,gpu,overlap,24576,24576,1000,3,1.113073,1.084118,0.028910,0.000000
weak_16,16,4,4,gpu,overlap,32768,32768,1000,1,0.893311,0.866430,0.026837,0.000000
strong_24,24,6,4,gpu,overlap,24576,24576,1000,2,0.572417,0.544558,0.027814,0.000000
strong_12,12,4,3,gpu,overlap,24576,24576,1000,1,0.760907,0.732362,0.028501,0.000000
weak_16,16,4,4,gpu,overlap,32768,32768,1000,2,0.927310,0.900253,0.027014,0.000000
strong_24,24,6,4,gpu,overlap,24576,24576,1000,3,0.547000,0.520197,0.026757,0.000000
strong_12,12,4,3,gpu,overlap,24576,24576,1000,2,0.757090,0.719773,0.037273,0.000000
weak_16,16,4,4,gpu,overlap,32768,32768,1000,3,0.903418,0.876348,0.027027,0.000000
gpu_16,16,4,4,gpu,overlap,8192,8192,500,1,0.195375,0.181812,0.013540,0.000000
gpu_16,16,4,4,gpu,overlap,8192,8192,500,1,0.202652,0.186050,0.016574,0.000000
strong_48,48,8,6,gpu,overlap,24576,24576,1000,1,0.475809,0.449775,0.025991,0.000000
strong_12,12,4,3,gpu,overlap,24576,24576,1000,3,0.724194,0.696062,0.028089,0.000000
gpu_16,16,4,4,gpu,overlap,8192,8192,500,2,0.197792,0.184452,0.013317,0.000000
strong_48,48,8,6,gpu,overlap,24576,24576,1000,2,0.513462,0.485189,0.028229,0.000000
strong_48,48,8,6,gpu,overlap,24576,24576,1000,3,0.389072,0.362581,0.026444,0.000000
cpu_4,4,2,2,cpu,naive,8192,8192,500,1,33.593875,0.065257,33.528533,0.000000
ksweep_naive_1024,1,1,1,gpu,naive,1024,1024,500,1,0.032337,0.022248,0.010070,0.000000
ksweep_naive_1024,1,1,1,gpu,naive,1024,1024,500,2,0.032268,0.022098,0.010151,0.000000
ksweep_naive_1024,1,1,1,gpu,naive,1024,1024,500,3,0.032144,0.022206,0.009919,0.000000
ksweep_shared_256,1,1,1,gpu,shared,256,256,500,1,0.029147,0.022107,0.007021,0.000000
ksweep_shared_256,1,1,1,gpu,shared,256,256,500,2,0.029275,0.022207,0.007049,0.000000
ksweep_shared_256,1,1,1,gpu,shared,256,256,500,3,0.029590,0.022387,0.007182,0.000000
ksweep_naive_256,1,1,1,gpu,naive,256,256,500,1,0.030494,0.023628,0.006847,0.000000
ksweep_naive_256,1,1,1,gpu,naive,256,256,500,2,0.030418,0.023384,0.007015,0.000000
ksweep_naive_256,1,1,1,gpu,naive,256,256,500,3,0.028772,0.022229,0.006524,0.000000
cpu_4,4,2,2,cpu,naive,8192,8192,500,2,33.612160,0.067188,33.544889,0.000000
ksweep_shared_4096,1,1,1,gpu,shared,4096,4096,500,1,0.137422,0.022965,0.114437,0.000000
ksweep_naive_4096,1,1,1,gpu,naive,4096,4096,500,1,0.107288,0.023119,0.084149,0.000000
ksweep_shared_4096,1,1,1,gpu,shared,4096,4096,500,2,0.131046,0.022294,0.108731,0.000000
ksweep_naive_4096,1,1,1,gpu,naive,4096,4096,500,2,0.102013,0.022536,0.079457,0.000000
ksweep_shared_4096,1,1,1,gpu,shared,4096,4096,500,3,0.125744,0.022255,0.103470,0.000000
io_0,6,3,2,gpu,overlap,12288,12288,500,1,0.292041,0.278293,0.013725,0.000000
io_100,6,3,2,gpu,overlap,12288,12288,500,1,0.247329,0.233589,0.013717,0.000000
io_25,6,3,2,gpu,overlap,12288,12288,500,1,0.290513,0.276842,0.013649,0.000000
ksweep_shared_16384,1,1,1,gpu,shared,16384,16384,500,1,1.623914,0.024633,1.599261,0.000000
ksweep_naive_4096,1,1,1,gpu,naive,4096,4096,500,3,0.100371,0.022487,0.077864,0.000000
ksweep_naive_16384,1,1,1,gpu,naive,16384,16384,500,1,1.156592,0.024597,1.131975,0.000000
io_0,6,3,2,gpu,overlap,12288,12288,500,2,0.283128,0.269417,0.013689,0.000000
ksweep_shared_1024,1,1,1,gpu,shared,1024,1024,500,1,0.034655,0.022220,0.012416,0.000000
io_25,6,3,2,gpu,overlap,12288,12288,500,2,0.265918,0.252697,0.013200,0.000000
io_100,6,3,2,gpu,overlap,12288,12288,500,2,0.304807,0.291340,0.013445,0.000000
ksweep_shared_1024,1,1,1,gpu,shared,1024,1024,500,2,0.035012,0.022593,0.012400,0.000000
io_0,6,3,2,gpu,overlap,12288,12288,500,3,0.295004,0.281751,0.013231,0.000000
ksweep_shared_1024,1,1,1,gpu,shared,1024,1024,500,3,0.034447,0.022129,0.012299,0.000000
io_25,6,3,2,gpu,overlap,12288,12288,500,3,0.286062,0.272951,0.013089,0.000000
io_100,6,3,2,gpu,overlap,12288,12288,500,3,0.284433,0.271276,0.013136,0.000000
ksweep_shared_16384,1,1,1,gpu,shared,16384,16384,500,2,1.597965,0.023979,1.573967,0.000000
ksweep_naive_16384,1,1,1,gpu,naive,16384,16384,500,2,1.146170,0.024399,1.121751,0.000000
ksweep_shared_16384,1,1,1,gpu,shared,16384,16384,500,3,1.597041,0.024431,1.572590,0.000000
ksweep_naive_16384,1,1,1,gpu,naive,16384,16384,500,3,1.145519,0.024389,1.121109,0.000000
cpu_4,4,2,2,cpu,naive,8192,8192,500,3,33.627832,0.107098,33.520663,0.000000
cpu_1,1,1,1,cpu,naive,8192,8192,500,1,134.019880,0.072545,133.947210,0.000000
cpu_1,1,1,1,cpu,naive,8192,8192,500,2,134.145128,0.073938,134.071060,0.000000
cpu_1,1,1,1,cpu,naive,8192,8192,500,3,134.043609,0.073648,133.969832,0.000000
breakdown_16,16,4,4,gpu,overlap,32768,32768,1000,1,0.907781,0.880022,0.027716,0.000000
breakdown_16,16,4,4,gpu,overlap,32768,32768,1000,2,0.875535,0.848280,0.027210,0.000000
breakdown_16,16,4,4,gpu,overlap,32768,32768,1000,3,0.878873,0.851912,0.026917,0.000000
cpu_16,16,4,4,cpu,naive,8192,8192,500,1,8.497568,0.116203,8.381326,0.000000
cpu_16,16,4,4,cpu,naive,8192,8192,500,2,8.515395,0.146702,8.368669,0.000000
cpu_16,16,4,4,cpu,naive,8192,8192,500,3,8.507312,0.129802,8.377487,0.000000
